Date,Portfolio
2019-01-03,-0.0020660083550561215
2019-01-04,0.01144320486622691
2019-01-07,0.004875983793049796
2019-01-08,0.005597454371152357
2019-01-09,0.006359332605802065
2019-01-10,0.0009205039212472415
2019-01-11,-0.0003098420049666886
2019-01-14,-0.0045094240431853274
2019-01-15,0.004295154036233962
2019-01-16,0.0030667638932604783
2019-01-17,0.0028056510167239167
2019-01-18,0.003986552406118475
2019-01-22,-0.005689774383039678
2019-01-23,0.0016246744233116698
2019-01-24,0.002884528900478868
2019-01-25,0.005134359894923706
2019-01-28,-0.003145809111342724
2019-01-29,0.0030171474543500775
2019-01-30,0.008646277481469646
2019-01-31,0.00465658193306425
2019-02-01,-0.001400711040333704
2019-02-04,0.0014457101772280497
2019-02-05,0.003346500265644336
2019-02-06,-0.002462103279049767
2019-02-07,-0.003673720205880688
2019-02-08,0.00020769581132417986
2019-02-11,-0.0016474673830050798
2019-02-12,0.0046737553120528175
2019-02-13,-0.00021766112865848013
2019-02-14,0.0018431992309757672
2019-02-15,0.0063719215371188685
2019-02-19,0.0034425495722637946
2019-02-20,0.00032894490095251215
2019-02-21,-0.004039126934748166
2019-02-22,0.005001646214560943
2019-02-25,-0.002361627009148207
2019-02-26,0.0013223380332146233
2019-02-27,-0.002797151482275449
2019-02-28,-0.0029542072826369004
2019-03-01,-0.0027541747480537867
2019-03-04,0.000608796271990703
2019-03-05,0.0017483890354801385
2019-03-06,-0.0022423186700490263
2019-03-07,-0.003615312986276602
2019-03-08,0.0008967552840138716
2019-03-11,0.005720369897934029
2019-03-12,0.004123410831070718
2019-03-13,0.00469034225999974
2019-03-14,-0.002079393173047075
2019-03-15,0.005311600215832748
2019-03-18,0.0017952747323503777
2019-03-19,-0.0002843114424536706
2019-03-20,0.004232855489597335
2019-03-21,0.0036343071361448448
2019-03-22,-0.006677479219283888
2019-03-25,0.0017431923633258188
2019-03-26,0.002963514824087221
2019-03-27,-0.0017078978018011672
2019-03-28,0.0007974285723083901
2019-03-29,0.002221220296444458
2019-04-01,0.003134412074909625
2019-04-02,0.0025058064300198667
2019-04-03,0.00010651494846393862
2019-04-04,0.002236353975282576
2019-04-05,0.0032007960993652436
2019-04-08,0.00015568210340205328
2019-04-09,-0.0013860167724553737
2019-04-10,0.003938997918068531
2019-04-11,-0.00409944048645151
2019-04-12,0.0018936187637453492
2019-04-15,-0.0009276522317841912
2019-04-16,-0.0035149630315547144
2019-04-17,-0.001692033438901872
2019-04-18,0.00251534025252864
2019-04-22,-0.0017542216406108372
2019-04-23,0.003725215536400924
2019-04-24,-0.000895611024121515
2019-04-25,-0.001579981342256143
2019-04-26,0.0021003395984867234
2019-04-29,-0.001580771116727784
2019-04-30,0.0024252517453675643
2019-05-01,-0.003211117115225594
2019-05-02,-0.0030830706213545037
2019-05-03,0.005485948979023038
2019-05-06,-0.00248647051304309
2019-05-07,-0.008091330571850734
2019-05-08,-0.0011311169326615324
2019-05-09,-0.0016703695801138095
2019-05-10,0.003009647711915135
2019-05-13,-0.008617538840662726
2019-05-14,0.0052988691722090624
2019-05-15,0.003969076213368237
2019-05-16,0.0029127251675968744
2019-05-17,-0.004609890782633252
2019-05-20,-0.0027070061288814763
2019-05-21,0.003993716884408336
2019-05-22,-0.0016029053965484362
2019-05-23,-0.004429238784998939
2019-05-24,0.0029259777292283233
2019-05-28,-0.0010270073843926199
2019-05-29,-0.0023004421670791758
2019-05-30,0.0031426484936972624
2019-05-31,-0.002905270758184718
2019-06-03,0.003348201046715325
2019-06-04,0.004955833837831892
2019-06-05,-0.00040567247895498444
2019-06-06,0.0051149397855445415
2019-06-07,0.006335839923083517
2019-06-10,-0.0011619575961294192
2019-06-11,0.001919287874349855
2019-06-12,-0.0025298787807433347
2019-06-13,0.003909435092409995
2019-06-14,-0.0009794239732078913
2019-06-17,0.0010947774153375746
2019-06-18,0.00874691199615673
2019-06-19,0.003457986131136047
2019-06-20,0.009988084353762208
2019-06-21,-0.0037591332931641128
2019-06-24,0.0027374180493727838
2019-06-25,-0.0038347850621815727
2019-06-26,-0.0020484260709960726
2019-06-27,0.004087609961386269
2019-06-28,0.00012808098738232383
2019-07-01,0.0014700831972599175
2019-07-02,0.0029180760820780357
2019-07-03,0.005962763325555591
2019-07-05,-0.00560205132145886
2019-07-08,-0.002455383966765467
2019-07-09,0.0007606051495098671
2019-07-10,0.005452827430636518
2019-07-11,-0.0037800617887901126
2019-07-12,0.0023149112442288223
2019-07-15,-9.10981471457542e-05
2019-07-16,-0.004390874096779865
2019-07-17,-1.527212907157427e-05
2019-07-18,0.001902995804807267
2019-07-19,-0.004149454187372347
2019-07-22,0.0009021960253331358
2019-07-23,0.002227441921598728
2019-07-24,0.0015496101058941967
2019-07-25,-0.005097079818400817
2019-07-26,0.0027723196381875086
2019-07-29,0.0010523049454259975
2019-07-30,-0.00030972006707921434
2019-07-31,-0.005169847393082222
2019-08-01,-0.0011757225741266654
2019-08-02,-0.0008460655176660773
2019-08-05,-0.008880617023858997
2019-08-06,0.0062972320987742
2019-08-07,0.001618020978928705
2019-08-08,0.009156167523848235
2019-08-09,-0.001787299472146344
2019-08-12,-0.0017937166593720694
2019-08-13,0.005712448321442443
2019-08-14,-0.009502472079728395
2019-08-15,0.004325511453380134
2019-08-16,0.00396480473182857
2019-08-19,0.0011804701998300074
2019-08-20,0.0004633266693814458
2019-08-21,0.002431391065339233
2019-08-22,-0.0022764318774154356
2019-08-23,-0.0061115528855316655
2019-08-26,0.0043489416689495184
2019-08-27,0.0033503781619756727
2019-08-28,0.0030957086340500867
2019-08-29,0.00367030994403667
2019-08-30,-0.0008406027364491066
2019-09-03,-0.0007556082744883888
2019-09-04,0.009037643194013331
2019-09-05,-0.00292943477887386
2019-09-06,0.0011631209561114202
2019-09-09,-0.0022867109721321365
2019-09-10,-0.004218406360972777
2019-09-11,0.0015381019943028014
2019-09-12,0.0016178405636161591
2019-09-13,-0.0054396338794975505
2019-09-16,0.008721278350925649
2019-09-17,0.00025505977452540917
2019-09-18,-0.001314325257379417
2019-09-19,0.0015442009335706508
2019-09-20,0.002361170199551339
2019-09-23,0.0011392249819137806
2019-09-24,-0.0014575467503406931
2019-09-25,-0.0037250150449270147
2019-09-26,0.0018000495366553965
2019-09-27,-0.0033685971573256383
2019-09-30,-1.0363301410556665e-05
2019-10-01,-0.00403093821821478
2019-10-02,-0.00612337626866882
2019-10-03,0.0062825902953485635
2019-10-04,0.00570758976652902
2019-10-07,-0.004847185782692148
2019-10-08,-0.004096586527327156
2019-10-09,0.0031407852699185178
2019-10-10,-4.224832046489447e-05
2019-10-11,0.00405220536008549
2019-10-14,-6.976093396248226e-05
2019-10-15,0.0007870110201626456
2019-10-16,0.0010607750534336819
2019-10-17,0.002032028252479151
2019-10-18,-0.000736454172342213
2019-10-21,0.0008775899223912662
2019-10-22,0.0006531520438613027
2019-10-23,0.003177705267281944
2019-10-24,0.0009718782173777023
2019-10-25,0.0006479116409869733
2019-10-28,-0.0015353874300921247
2019-10-29,-0.0008659412861914952
2019-10-30,0.004459831151924369
2019-10-31,0.0008875895949408161
2019-11-01,0.005680247332575474
2019-11-04,-0.0006867566109976755
2019-11-05,-0.004185035682464469
2019-11-06,0.0004934420785557915
2019-11-07,-0.004315491629235013
2019-11-08,-0.0011840574842882094
2019-11-11,-0.001514642751963345
2019-11-12,0.0010101497149051987
2019-11-13,0.0017107182266026485
2019-11-14,0.003071144248223025
2019-11-15,0.0031948337105747147
2019-11-18,3.028424511354106e-05
2019-11-19,-0.00040712039981835384
2019-11-20,0.0015265423991759318
2019-11-21,-0.001920692519643261
2019-11-22,0.00021421390512354961
2019-11-25,0.004087434407826196
2019-11-26,0.0031242296131715292
2019-11-27,-4.078836024799668e-05
2019-11-29,-0.004686749474059978
2019-12-02,-0.005938548683536258
2019-12-03,0.0040602791331571676
2019-12-04,0.0026825152829242412
2019-12-05,0.0002299095857171134
2019-12-06,0.0018395501612293757
2019-12-09,-0.0003821342901357457
2019-12-10,0.0008681139213975071
2019-12-11,0.003271255800715882
2019-12-12,0.00010044777130531219
2019-12-13,0.00395133807518587
2019-12-16,0.0034983208464023623
2019-12-17,-0.00039238107109456667
2019-12-18,-8.501254153756504e-05
2019-12-19,0.001777485043622056
2019-12-20,0.001401666939819863
2019-12-23,0.0001418106477614888
2019-12-24,0.002238536185879339
2019-12-26,0.00436509305340233
2019-12-27,0.0017900132507472307
2019-12-30,-0.0026162754397312605
2019-12-31,-1.660007740173099e-05
2020-01-02,0.006149504553025276
2020-01-03,0.0013817486469685362
2020-01-06,0.0009992115439356438
2020-01-07,-0.002385209492076547
2020-01-08,-0.0021054339989641864
2020-01-09,0.0016978751901060045
2020-01-10,0.0026155161353482053
2020-01-13,0.0013151503021290793
2020-01-14,0.0005685991833577739
2020-01-15,0.002174123122583501
2020-01-16,0.0020140566649556445
2020-01-17,0.0009601460528819227
2020-01-21,-0.0007504153441272632
2020-01-22,-0.0006065263166026922
2020-01-23,-0.0001923082150853604
2020-01-24,-0.002999331020354159
2020-01-27,-0.007487856847725348
2020-01-28,0.0030381660215604155
2020-01-29,0.0014153396903107017
2020-01-30,-0.001194573049783822
2020-01-31,-0.006836242351664401
2020-02-03,6.565422856000827e-06
2020-02-04,0.0036110522238753597
2020-02-05,0.003214801762740601
2020-02-06,0.003171705479323174
2020-02-07,-0.0008630570364183077
2020-02-10,0.0031888500311940773
2020-02-11,0.0016135693592044848
2020-02-12,0.003928572719505116
2020-02-13,0.0004960753407430693
2020-02-14,0.003137232652318026
2020-02-18,0.0013463594108669543
2020-02-19,0.002499664589298037
2020-02-20,0.00049366194353375
2020-02-21,0.00022539711571161445
2020-02-24,-0.014501366590012898
2020-02-25,-0.013676359961399948
2020-02-26,-0.002546133308821361
2020-02-27,-0.020003574518033522
2020-02-28,-0.004618446592747214
2020-03-02,0.01807880616659648
2020-03-03,-0.000700640714396927
2020-03-04,0.014098006272595281
2020-03-05,-0.009355627837087748
2020-03-06,-0.00554831070459322
2020-03-09,-0.04979674362581989
2020-03-10,0.01581194592538429
2020-03-11,-0.03500349700751696
2020-03-12,-0.05839620581272612
2020-03-13,0.03182683624585383
2020-03-16,-0.06302518298442128
2020-03-17,0.009607814916723622
2020-03-18,-0.05683172265170704
2020-03-19,0.010613717842498361
2020-03-20,-0.004282439448843615
2020-03-23,-0.0002267557377376181
2020-03-24,0.0441313337115048
2020-03-25,0.01454861792072512
2020-03-26,0.02631942202220233
2020-03-27,-0.014244612706084264
2020-03-30,0.007563766675721964
2020-03-31,-0.009518736009270815
2020-04-01,-0.020881186200509126
2020-04-02,0.01972419056926796
2020-04-03,-0.001919223465156218
2020-04-06,0.027881166316593924
2020-04-07,-0.003211990266619021
2020-04-08,0.017131804522239048
2020-04-09,0.013705011049864187
2020-04-13,-0.008985808853224676
2020-04-14,0.009599374178911893
2020-04-15,-0.01206291614363952
2020-04-16,0.0012954024824099928
2020-04-17,0.007242749585494235
2020-04-20,-0.014365323365187515
2020-04-21,-0.026797623712182746
2020-04-22,0.004355211793788495
2020-04-23,0.003595101307927598
2020-04-24,0.0003871959277518312
2020-04-27,-0.004009959330184651
2020-04-28,0.001480951242834227
2020-04-29,0.015063412260535116
2020-04-30,-0.004757357989805984
2020-05-01,-0.012711236179645022
2020-05-04,0.0023496368601771027
2020-05-05,0.0070465661718859185
2020-05-06,-0.009740313861254096
2020-05-07,0.010308059490996536
2020-05-08,0.008541012627665382
2020-05-11,-0.005878289001083637
2020-05-12,-0.007245579868766922
2020-05-13,-0.006859821191994932
2020-05-14,0.006410132937589263
2020-05-15,0.002022660857544061
2020-05-18,0.018335240762924237
2020-05-19,-0.002646522268703935
2020-05-20,0.01067532314079742
2020-05-21,-0.0020607973752681348
2020-05-22,-0.0006712514216766067
2020-05-26,0.007421062844466888
2020-05-27,0.003965152399972503
2020-05-28,0.00017556386748982726
2020-05-29,0.005668505482921614
2020-06-01,0.006884444518926238
2020-06-02,0.005806835921577087
2020-06-03,0.005431248771936931
2020-06-04,-0.0029154587793641003
2020-06-05,0.011261956471478622
2020-06-08,0.006648777382385108
2020-06-09,-0.0022717245146981787
2020-06-10,0.0010432912324641616
2020-06-11,-0.030613745584311427
2020-06-12,0.007831368913454009
2020-06-15,0.004324808927603152
2020-06-16,0.005680669837538691
2020-06-17,-0.0011752821841430005
2020-06-18,0.0011963316480357838
2020-06-19,-0.0011898606970411445
2020-06-22,0.004925241718962257
2020-06-23,0.0013555825652957134
2020-06-24,-0.01327659561106222
2020-06-25,0.006351160050266826
2020-06-26,-0.00957824867589656
2020-06-29,0.007356418097338677
2020-06-30,0.004105426147358808
2020-07-01,0.005444075073717095
2020-07-02,0.005000661084053265
2020-07-06,0.008180969900210147
2020-07-07,-0.0037683928040047813
2020-07-08,0.005414219990840489
2020-07-09,-0.0015428788330934557
2020-07-10,0.0018654829731671353
2020-07-13,-0.0050078173675750315
2020-07-14,0.006442760643294564
2020-07-15,0.005336065172127971
2020-07-16,-0.002918814588578049
2020-07-17,0.0033963917523768435
2020-07-20,0.003269190004291681
2020-07-21,0.004196620499518038
2020-07-22,0.005846117134462659
2020-07-23,-0.002328838325719737
2020-07-24,-0.0014267786604923343
2020-07-27,0.006787849626428163
2020-07-28,0.00010042033289852655
2020-07-29,0.008328278781895244
2020-07-30,-0.003483143482244485
2020-07-31,0.0017305069748728185
2020-08-03,0.0019333054706504964
2020-08-04,0.007632862275564647
2020-08-05,0.0026400699159885646
2020-08-06,0.003999812063468655
2020-08-07,-0.005093766096485798
2020-08-10,0.0003791094443848782
2020-08-11,-0.012096066062714014
2020-08-12,0.005862031693209133
2020-08-13,-0.0007997023195940674
2020-08-14,-0.002357402730508479
2020-08-17,0.007396742380817015
2020-08-18,0.0018490478701748876
2020-08-19,-0.007735335210211362
2020-08-20,0.0030691875460679293
2020-08-21,0.00018667765662112607
2020-08-24,0.004232247166725859
2020-08-25,0.002557038625409515
2020-08-26,0.0022683625566032846
2020-08-27,-0.003694577652112717
2020-08-28,0.005585010962765757
2020-08-31,-0.002580183143655752
2020-09-01,0.006285581199066979
2020-09-02,0.004202005329587895
2020-09-03,-0.01315305752675499
2020-09-04,-0.006716506602031783
2020-09-08,-0.01215462666450277
2020-09-09,0.009809880366395437
2020-09-10,-0.007333548248266973
2020-09-11,0.0028442786795190803
2020-09-14,0.005746997911837921
2020-09-15,0.004177084482286609
2020-09-16,0.0011898651843905417
2020-09-17,-0.001968603921387934
2020-09-18,-0.005876597519407426
2020-09-21,-0.012106906182847283
2020-09-22,0.0015075879560543105
2020-09-23,-0.012907119694636666
2020-09-24,0.002515084984861795
2020-09-25,0.004518561366340299
2020-09-28,0.008414304993815801
2020-09-29,-0.002328555287979191
2020-09-30,0.0029065888136039207
2020-10-01,0.003858869886821991
2020-10-02,-0.0044387650968591465
2020-10-05,0.0071726077742860364
2020-10-06,-0.003770299967204281
2020-10-07,0.00494847822512881
2020-10-08,0.007220658028920102
2020-10-09,0.0040768928090823
2020-10-12,0.0036452346734936187
2020-10-13,-0.004095174901121037
2020-10-14,-0.001257935262847965
2020-10-15,-0.0017366302857484948
2020-10-16,-0.0014564756454115016
2020-10-19,-0.005859908763943217
2020-10-20,0.0027349519497450125
2020-10-21,-0.0026829901734165065
2020-10-22,-0.0007190088022289141
2020-10-23,0.002312310981244945
2020-10-26,-0.008526635566892957
2020-10-27,-0.0004144870350823105
2020-10-28,-0.01951142905791391
2020-10-29,0.0005055541958897655
2020-10-30,-0.005541521301167306
2020-11-02,0.010630637121763582
2020-11-03,0.008902999104221715
2020-11-04,0.014553085992965982
2020-11-05,0.010252447409215546
2020-11-06,-0.003321858905075513
2020-11-09,0.003418100890904201
2020-11-10,0.0022690024800866007
2020-11-11,0.0032250551837516607
2020-11-12,-0.002564055497729845
2020-11-13,0.006864973830152878
2020-11-16,0.007380930245996514
2020-11-17,0.0005021605524140251
2020-11-18,-0.004341831668832913
2020-11-19,0.0026804675402473175
2020-11-20,0.00047520132352547596
2020-11-23,-0.00027198774747356363
2020-11-24,0.005252489617137834
2020-11-25,-0.0007120214276726328
2020-11-27,0.002736532920769706
2020-11-30,-0.0069213829330142165
2020-12-01,0.0047488676196013
2020-12-02,0.00021075981952384067
2020-12-03,0.004322085717997646
2020-12-04,0.0020242746789999834
2020-12-07,0.0012719473076796576
2020-12-08,0.0014432409270429655
2020-12-09,-0.005516894999807107
2020-12-10,0.0036150666724382363
2020-12-11,-0.0001651647691277427
2020-12-14,-0.002228339076499279
2020-12-15,0.00792210170199104
2020-12-16,0.0013925597932105459
2020-12-17,0.004748676077963636
2020-12-18,-0.002592391974898061
2020-12-21,-0.004290838164517789
2020-12-22,-0.0013946816330593012
2020-12-23,0.0029972398307855927
2020-12-24,0.003117730851475275
2020-12-28,0.0019528297169183638
2020-12-29,0.0011656858303830176
2020-12-30,0.003953650861545795
2020-12-31,0.002487719044550656
2021-01-04,-0.0032290702023302516
2021-01-05,0.005738983598523092
2021-01-06,-0.004098063451331982
2021-01-07,0.002701529923208994
2021-01-08,0.0015926160515509521
2021-01-11,-0.00656257189422205
2021-01-12,0.003956058173857675
2021-01-13,0.0034787161330738976
2021-01-14,0.0006708448373163925
2021-01-15,-0.004504706003799244
2021-01-19,0.005356923140543331
2021-01-20,0.007797707460748833
2021-01-21,-0.0010337454451387579
2021-01-22,-0.003936706959203101
2021-01-25,0.004832735148431494
2021-01-26,-0.0002792182471332773
2021-01-27,-0.010922560460652373
2021-01-28,0.0016904372198814567
2021-01-29,-0.009445855658308595
2021-02-01,0.011276028220963666
2021-02-02,0.003934239950975712
2021-02-03,-0.0003060361012424326
2021-02-04,0.001234904138672372
2021-02-05,0.002830457413002322
2021-02-08,0.005514464137537628
2021-02-09,0.0020255714670290633
2021-02-10,0.0014941975064031053
2021-02-11,-5.98831942285054e-05
2021-02-12,0.0005033445000151284
2021-02-16,-0.002805525448171948
2021-02-17,-0.0006653846628564752
2021-02-18,-0.0037848057942971684
2021-02-19,-0.0015421257495071864
2021-02-22,-0.0006561905282006929
2021-02-23,0.0015193093740852154
2021-02-24,0.003769240279724608
2021-02-25,-0.01639519121810561
2021-02-26,-0.0034365107234554694
2021-03-01,0.005996005560191903
2021-03-02,-0.0026381260178704596
2021-03-03,-0.006451172315721252
2021-03-04,-0.0068688913815421184
2021-03-05,0.008279390170781664
2021-03-08,-0.007113847462813665
2021-03-09,0.010837412287872562
2021-03-10,0.003955965997149061
2021-03-11,0.006692865871618081
2021-03-12,-0.004445342938461933
2021-03-15,0.0036906486487095222
2021-03-16,-0.00103760717993626
2021-03-17,0.0005590619837415596
2021-03-18,-0.015091592148195603
2021-03-19,0.0027234288814855013
2021-03-22,0.004343056167805631
2021-03-23,-0.006105120501941928
2021-03-24,0.000345632311188795
2021-03-25,-0.0009732767348529048
2021-03-26,0.01007674397305142
2021-03-29,-0.004059199688588607
2021-03-30,-0.0031557886613310243
2021-03-31,0.0021767976914425415
2021-04-01,0.01132295547530797
2021-04-05,0.0018734535422558335
2021-04-06,0.003377395369486182
2021-04-07,-0.0016049558830261343
2021-04-08,0.0050710007015846124
2021-04-09,-0.0011789579224440625
2021-04-12,-0.0012691342399315177
2021-04-13,0.005234293312875246
2021-04-14,0.000993916751881795
2021-04-15,0.010418808396825815
2021-04-16,0.0005651404294281222
2021-04-19,-0.001652379050285383
2021-04-20,-0.0013788636460329352
2021-04-21,0.004375921497532075
2021-04-22,-0.0016582577080108368
2021-04-23,0.004874375242189841
2021-04-26,0.002120299114430858
2021-04-27,-0.0012591453137293515
2021-04-28,0.0009952954488531593
2021-04-29,0.001392929485582484
2021-04-30,-0.004140449245010334
2021-05-03,0.003346707168464452
2021-05-04,-0.0019241824127192962
2021-05-05,0.0024550186005669575
2021-05-06,0.006011326986114958
2021-05-07,0.005091571295316119
2021-05-10,-0.006874346723532192
2021-05-11,-0.0035572549350773633
2021-05-12,-0.01319647375834385
2021-05-13,0.0016575324046369877
2021-05-14,0.009920725065840382
2021-05-17,0.0008948751912692207
2021-05-18,-0.0008695929768114005
2021-05-19,-0.0049231596305429745
2021-05-20,0.005876256433553594
2021-05-21,0.0010312948318342468
2021-05-24,0.006138216874724083
2021-05-25,0.002557223834803287
2021-05-26,0.001050820570774154
2021-05-27,0.001118217534126258
2021-05-28,0.0015139356416946233
2021-06-01,0.005510373931831828
2021-06-02,0.0032712304521952157
2021-06-03,-0.006252892537634468
2021-06-04,0.008604902453986747
2021-06-07,0.0005320654056507278
2021-06-08,0.002336183021152494
2021-06-09,0.0004783976553812356
2021-06-10,0.004755493724369547
2021-06-11,-0.001636528212640992
2021-06-14,-0.00206622286687966
2021-06-15,-0.0022461803802402798
2021-06-16,-0.006814414113663766
2021-06-17,-0.0043286560088718895
2021-06-18,-0.0016069027939098408
2021-06-21,0.0056285248325156825
2021-06-22,-0.00014158360840365051
2021-06-23,-0.0007427471123253527
2021-06-24,0.002763676195325664
2021-06-25,0.0010860529276267704
2021-06-28,0.002290561397127329
2021-06-29,-0.0006731815442794001
2021-06-30,0.0017971482306539752
2021-07-01,0.0020217442950790847
2021-07-02,0.0038017411832259704
2021-07-06,-0.0019633062801886376
2021-07-07,0.001982101904380805
2021-07-08,-0.003523344306230213
2021-07-09,0.004820367663811298
2021-07-12,0.0024828260874971905
2021-07-13,-0.002781434121845215
2021-07-14,0.003997944411877854
2021-07-15,0.00045805835407788096
2021-07-16,-0.0038414831984071893
2021-07-19,-0.008012480242443634
2021-07-20,0.006090027201875288
2021-07-21,0.00373104681833405
2021-07-22,0.0035323359744050303
2021-07-23,0.0008034496815947372
2021-07-26,0.0001774524130396225
2021-07-27,-0.0008023739168969554
2021-07-28,0.003181551543453686
2021-07-29,0.002625192715579273
2021-07-30,-0.003632044224984023
2021-08-02,0.0003321937598657052
2021-08-03,0.002637107429586261
2021-08-04,-0.002814723114921688
2021-08-05,0.0024552139076670907
2021-08-06,-0.006736690035580968
2021-08-09,-0.004627523966921725
2021-08-10,0.0008855340766561565
2021-08-11,0.004151491066046961
2021-08-12,0.00026883162314938515
2021-08-13,0.005171561403257905
2021-08-16,0.0002566203322702502
2021-08-17,-0.004856331299741606
2021-08-18,-0.003943954542808735
2021-08-19,-0.0021733561492473146
2021-08-20,0.00039612475262407925
2021-08-23,0.00797587640185902
2021-08-24,0.002819504724102359
2021-08-25,-0.0008970679631619668
2021-08-26,-0.002463490827121814
2021-08-27,0.008735677498847357
2021-08-30,0.002573313840096411
2021-08-31,-0.001326169181412836
2021-09-01,0.002898216311273486
2021-09-02,0.002787828338324248
2021-09-03,-0.0007277556325381738
2021-09-07,-0.006413877302297741
2021-09-08,-0.0004738646895797708
2021-09-09,-0.001715550483882969
2021-09-10,-0.0045692701039190525
2021-09-13,0.0037835477958806426
2021-09-14,0.0006425371287924276
2021-09-15,0.00286708958875634
2021-09-16,-0.004547172976979188
2021-09-17,-0.0063766269055674524
2021-09-20,-0.006097147881260257
2021-09-21,0.0017135320703292026
2021-09-22,0.006713517638408058
2021-09-23,0.0001100708424539177
2021-09-24,-0.003943096829719103
2021-09-27,-0.0003851076873376259
2021-09-28,-0.011751979202925386
2021-09-29,-3.9791616541926303e-05
2021-09-30,-0.0009617996507656106
2021-10-01,0.007651321265325364
2021-10-04,-0.0035217876250072666
2021-10-05,0.0007406334677861275
2021-10-06,0.0003143689512864337
2021-10-07,0.003152447926725938
2021-10-08,-0.0020306056113208364
2021-10-11,-0.0025303899769296605
2021-10-12,0.003984112720636769
2021-10-13,0.006055858496583284
2021-10-14,0.007753039945916201
2021-10-15,0.0003874491851652399
2021-10-18,0.0002663710609521119
2021-10-19,0.001190060954717389
2021-10-20,0.00297745492821932
2021-10-21,-0.0019945347577468788
2021-10-22,0.0031011357297501697
2021-10-25,0.0026558132313976284
2021-10-26,0.0018222536591237836
2021-10-27,-0.0004859550357425662
2021-10-28,0.004102519157142257
2021-10-29,-0.0030570045325342553
2021-11-01,0.0024644602037580004
2021-11-02,0.0009782979457562714
2021-11-03,-0.0019886134449173423
2021-11-04,0.0026709527230527512
2021-11-05,0.006685575744991944
2021-11-08,0.0007416634975162759
2021-11-09,0.003327720806222345
2021-11-10,-0.007215341013255829
2021-11-11,0.001963168996021077
2021-11-12,0.001935410529936054
2021-11-15,-0.0019553986370094726
2021-11-16,-0.0007826304907982678
2021-11-17,0.0015447253472957866
2021-11-18,0.00018666681698251814
2021-11-19,-0.0023397095477820317
2021-11-22,-0.0063921670024032476
2021-11-23,-0.0009236153182065615
2021-11-24,0.0030591957312206316
2021-11-26,-0.014025122047802376
2021-11-29,0.0026039187186300506
2021-11-30,-0.00795021409485819
2021-12-01,-0.0031787169587579223
2021-12-02,0.009826916217988523
2021-12-03,-0.000498273797626749
2021-12-06,0.005554513700907758
2021-12-07,0.008173152263963016
2021-12-08,-0.0004131861136464926
2021-12-09,-0.005275233949814247
2021-12-10,0.0038320142825618592
2021-12-13,-0.0005183380772848759
2021-12-14,-0.005185506523645987
2021-12-15,0.004485480471442544
2021-12-16,0.0003148189744222945
2021-12-17,-0.0036916187283460595
2021-12-20,-0.007409033528903266
2021-12-21,0.008961657665101572
2021-12-22,0.0077231069943433355
2021-12-23,0.0017632627040079063
2021-12-27,0.007378508684953095
2021-12-28,-0.0016884522043050247
2021-12-29,-0.0007646198301145815
2021-12-30,0.0022056058706868757
2021-12-31,-0.0007608046271984487
2022-01-03,-0.0046154757450841445
2022-01-04,0.0006025143643012571
2022-01-05,-0.010998275653632749
2022-01-06,0.00014032960332457944
2022-01-07,-0.0010548756375892447
2022-01-10,-0.0019607890137335335
2022-01-11,0.009703929567674718
2022-01-12,0.0031365953946348234
2022-01-13,-0.004585395772899529
2022-01-14,-0.001942015966226656
2022-01-18,-0.009505197099818043
2022-01-19,0.0013711938150925956
2022-01-20,-0.0030703401036058357
2022-01-21,-0.004605386624026635
2022-01-24,-0.0027672034418514497
2022-01-25,-0.0027839726398198377
2022-01-26,-0.006651904370037343
2022-01-27,-0.0026059698975198988
2022-01-28,0.009245030491181819
2022-01-31,0.008502472855612736
2022-02-01,0.003245494772341457
2022-02-02,0.004273405844381201
2022-02-03,-0.009199812870958985
2022-02-04,-0.0015100467225358924
2022-02-07,3.853327107398183e-05
2022-02-08,0.0008253706443251415
2022-02-09,0.009994428999467645
2022-02-10,-0.012666624535638148
2022-02-11,-0.0008757457092645217
2022-02-14,-0.004642937880320346
2022-02-15,0.0025746674895866105
2022-02-16,0.0037031551021637307
2022-02-17,-0.004038317810139173
2022-02-18,-0.0006854456346778034
2022-02-22,-0.0025615594299552625
2022-02-23,-0.008164260894615683
2022-02-24,0.001378397903938253
2022-02-25,0.00772066850924312
2022-02-28,0.0030993532366974694
2022-03-01,0.0025768593958755397
2022-03-02,0.001220374744408444
2022-03-03,-0.000320505567926671
2022-03-04,0.0015390563094403796
2022-03-07,-0.010918606102558374
2022-03-08,0.0018909024371054689
2022-03-09,0.0008289651354932896
2022-03-10,-0.008187849331927982
2022-03-11,-0.0044995463986379864
2022-03-14,-0.012867824447091622
2022-03-15,0.0008371308894702676
2022-03-16,0.016175984983345836
2022-03-17,0.0082301678036603
2022-03-18,0.006125434254548667
2022-03-21,-0.0030592826270060703
2022-03-22,0.001696692674297323
2022-03-23,0.002049103950726057
2022-03-24,0.0016874015508462079
2022-03-25,-0.00173135410976227
2022-03-28,-0.0020689006454517878
2022-03-29,0.01130658894792107
2022-03-30,0.0017190664377193157
2022-03-31,-0.009404681817675105
2022-04-01,0.0030974460300882824
2022-04-04,0.005146039647446826
2022-04-05,-0.012799409443687928
2022-04-06,-0.006249203204128319
2022-04-07,-0.001047010870062706
2022-04-08,-0.0006381245067074918
2022-04-11,-0.009669366068503268
2022-04-12,0.003225202404109989
2022-04-13,0.007792940147542082
2022-04-14,-0.008767208354001686
2022-04-18,-0.0003090361318115034
2022-04-19,-0.0015000359824645139
2022-04-20,0.006178656087985604
2022-04-21,-0.008051588463085044
2022-04-22,-0.013307700409916003
2022-04-25,-0.0007091332187303167
2022-04-26,-0.008189444041385356
2022-04-27,-0.0025198491388396917
2022-04-28,0.011080691432432739
2022-04-29,-0.016969367176572714
2022-05-02,-0.005838379629412026
2022-05-03,0.003489315166616802
2022-05-04,0.015207989193256879
2022-05-05,-0.021797607414245638
2022-05-06,-0.0073807427900955975
2022-05-09,-0.020221282718688494
2022-05-10,0.0006322891635453811
2022-05-11,0.0030160628484316807
2022-05-12,-0.0010039370724342993
2022-05-13,0.009488514395285863
2022-05-16,0.002858257074331728
2022-05-17,0.004595036527068731
2022-05-18,-0.014375147993573959
2022-05-19,0.004023712459132486
2022-05-20,0.003569845707737983
2022-05-23,0.005286213997515877
2022-05-24,0.0020337058078705836
2022-05-25,0.0044026615692357544
2022-05-26,0.008661433111711664
2022-05-27,0.011144837643983998
2022-05-31,-0.008662573038236133
2022-06-01,-0.0045173355214565645
2022-06-02,0.011152389099562711
2022-06-03,-0.008353011541301808
2022-06-06,-0.0032964514828740525
2022-06-07,0.007083504366235317
2022-06-08,-0.006003319705119779
2022-06-09,-0.011622613714333901
2022-06-10,-0.01384800275795008
2022-06-13,-0.030580117117456986
2022-06-14,-0.005117490124235352
2022-06-15,0.013984420713508996
2022-06-16,-0.010704524418297997
2022-06-17,-0.0015939037026626846
2022-06-21,0.004622278844331388
2022-06-22,0.0016665101536848465
2022-06-23,0.001837462934139031
2022-06-24,0.01194566286638012
2022-06-27,-0.0033837211064064138
2022-06-28,-0.005360146838174494
2022-06-29,0.0008983308355312452
2022-06-30,-0.003838265507967569
2022-07-01,0.005975941205424938
2022-07-05,-0.009141173499779155
2022-07-06,-0.0056057627129602475
2022-07-07,0.008816852675276063
2022-07-08,-0.0001262589460586667
2022-07-11,-0.004179100571480322
2022-07-12,-0.006841061348362658
2022-07-13,0.0014208543082101781
2022-07-14,-0.00757617375077926
2022-07-15,0.010194759851599308
2022-07-18,-0.0004706052835609601
2022-07-19,0.01159112832858221
2022-07-20,-0.000569318822856625
2022-07-21,0.008083777146800697
2022-07-22,-0.0005313281943479438
2022-07-25,0.0012547608103811155
2022-07-26,-0.004581853929898744
2022-07-27,0.01248062214624132
2022-07-28,0.01036004432392204
2022-07-29,0.005083606517616692
2022-08-01,6.42823306687499e-07
2022-08-02,-0.010007457729682482
2022-08-03,0.007255624271838697
2022-08-04,0.002874933049440035
2022-08-05,-0.007767216810884882
2022-08-08,0.00651930882338781
2022-08-09,-0.0020927668119572417
2022-08-10,0.009789605854535791
2022-08-11,-0.0030804936124652306
2022-08-12,0.008967647386338535
2022-08-15,-0.003119623247934621
2022-08-16,-0.0020820813682470296
2022-08-17,-0.00632869971174964
2022-08-18,-8.685605890640423e-06
2022-08-19,-0.010101857027551717
2022-08-22,-0.010084718200872131
2022-08-23,0.0012450779480437475
2022-08-24,0.00124989503189795
2022-08-25,0.008887688190940395
2022-08-26,-0.013656461045109654
2022-08-29,-0.002669490917746464
2022-08-30,-0.008416301711358532
2022-08-31,-0.0072377757582121295
2022-09-01,-0.007768899202927244
2022-09-02,-0.001664395427716876
2022-09-06,-0.0062030317773985036
2022-09-07,0.00905039262356509
2022-09-08,-0.0009706706472417794
2022-09-09,0.01188636640268827
2022-09-12,0.006036744625538584
2022-09-13,-0.021595831063285414
2022-09-14,0.0007054542382554042
2022-09-15,-0.01039365863358414
2022-09-16,-0.0030769535391912137
2022-09-19,0.002459791925709831
2022-09-20,-0.00970905412880542
2022-09-21,-0.004851392734288363
2022-09-22,-0.00931745215636735
2022-09-23,-0.01566967726400391
2022-09-26,-0.01615830398811688
2022-09-27,-0.005608546762046213
2022-09-28,0.021795243760477524
2022-09-29,-0.011882672588522521
2022-09-30,-0.006675804492258454
2022-10-03,0.018846070755893292
2022-10-04,0.018734381496392102
2022-10-05,-0.004864196159499279
2022-10-06,-0.007744759053067783
2022-10-07,-0.013372559550641663
2022-10-10,-0.009479858445401224
2022-10-11,-0.0033227921680431633
2022-10-12,-0.0008665297451312073
2022-10-13,0.007606312277276918
2022-10-14,-0.014321219545472354
2022-10-17,0.013359266580303944
2022-10-18,0.004454193509945549
2022-10-19,-0.011487356269187409
2022-10-20,-0.005500313623953585
2022-10-21,0.008552316107363492
2022-10-24,-0.0021962870520749406
2022-10-25,0.015294122665850276
2022-10-26,0.00541242460954303
2022-10-27,0.0006895432136140532
2022-10-28,0.004010084842632128
2022-10-31,-0.0066275927290794815
2022-11-01,0.005947920861463266
2022-11-02,-0.01142664473738243
2022-11-03,-0.005689997936356663
2022-11-04,0.014587814415830153
2022-11-07,0.0001213193252137356
2022-11-08,0.005427408249635861
2022-11-09,-0.010417900260787247
2022-11-10,0.037720446024490754
2022-11-11,0.00732284058725683
2022-11-14,-0.007832933397852475
2022-11-15,0.010173893107410664
2022-11-16,-0.0012209940064334336
2022-11-17,-0.0065042141218867025
2022-11-18,-0.0008819096024031712
2022-11-21,-0.0017263022899971802
2022-11-22,0.008557129072999388
2022-11-23,0.004927994008269874
2022-11-25,-0.00046966047337438065
2022-11-28,-0.008723175219228952
2022-11-29,0.002859103823021822
2022-11-30,0.018575815324532206
2022-12-01,0.007908715770034465
2022-12-02,0.0009881517221497682
2022-12-05,-0.014521800661672041
2022-12-06,-0.004146559851678573
2022-12-07,0.003942347482471921
2022-12-08,0.0018337067042014596
2022-12-09,-0.006768663908320324
2022-12-12,0.005248506550202151
2022-12-13,0.011157392413878814
2022-12-14,-0.0005574693253771828
2022-12-15,-0.012013306976981197
2022-12-16,-0.007897400779301969
2022-12-19,-0.005990594580439881
2022-12-20,-0.0012047254360071564
2022-12-21,0.008661898384815209
2022-12-22,-0.006526345988316883
2022-12-23,0.0014278180220139707
2022-12-27,-0.0037032696744676154
2022-12-28,-0.008830772737928193
2022-12-29,0.011386204811242636
2022-12-30,-0.0034784294759514726
2023-01-03,0.0028620901189754682
2023-01-04,0.008530296046300765
2023-01-05,-0.006138044203419746
2023-01-06,0.017185158895619283
2023-01-09,0.003640075869616826
2023-01-10,-0.001139374554595245
2023-01-11,0.01123395428055394
2023-01-12,0.009384341967465225
2023-01-13,0.001520280903194239
2023-01-17,-0.0018706091602730159
2023-01-18,-0.0017718441345561066
2023-01-19,-0.0014203906638938545
2023-01-20,0.004050770668869274
2023-01-23,0.0026480676285901006
2023-01-24,0.0025538743603616644
2023-01-25,0.0017693518699405462
2023-01-26,0.003448758334214671
2023-01-27,-0.0011068357607953178
2023-01-30,-0.0079059885659102
2023-01-31,0.00949956169143054
2023-02-01,0.007273082593915333
2023-02-02,0.002649128126105803
2023-02-03,-0.014748258915973995
2023-02-06,-0.005500832937366654
2023-02-07,0.00411280833232214
2023-02-08,-0.0011754632618911284
2023-02-09,-0.006459897949720609
2023-02-10,-0.0012748799906281457
2023-02-13,0.006068295323077034
2023-02-14,-0.0007550593127272524
2023-02-15,-0.0035019280739947613
2023-02-16,-0.007401389819688658
2023-02-17,0.00011178816325131116
2023-02-21,-0.013030411031099818
2023-02-22,-0.001871239781847936
2023-02-23,0.0063087244587380865
2023-02-24,-0.010981319009676128
2023-02-27,0.0033226588765217064
2023-02-28,-0.00046567946385756367
2023-03-01,-0.0006871883057724493
2023-03-02,0.0008815957425282658
2023-03-03,0.014014728911247703
2023-03-06,-0.002230019747361834
2023-03-07,-0.01136754730867144
2023-03-08,0.0003215718600639805
2023-03-09,-0.007693150507229845
2023-03-10,0.003429065770773611
2023-03-13,0.001871462891233725
2023-03-14,0.0002722659571901399
2023-03-15,-0.003780168642796308
2023-03-16,0.004858366125735144
2023-03-17,-0.0012937109900732326
2023-03-20,0.0034310273607431143
2023-03-21,0.0025737939838460923
2023-03-22,-0.001435254555549703
2023-03-23,0.0016791427857417423
2023-03-24,0.0029403562104027905
2023-03-27,-0.0021076680875280205
2023-03-28,0.0020296961018194393
2023-03-29,0.005531721863881497
2023-03-30,0.00794990456860782
2023-03-31,0.009170517459230709
2023-04-03,0.005461692052518291
2023-04-04,0.0013882183453117667
2023-04-05,-0.00031286806989823114
2023-04-06,0.0030823552962750693
2023-04-10,-0.0037981197630009306
2023-04-11,0.0036633852643501693
2023-04-12,9.308733373727401e-05
2023-04-13,0.004829352227361478
2023-04-14,-0.0057829117779242675
2023-04-17,-0.0006846005222135629
2023-04-18,0.0017264568673368123
2023-04-19,-0.003408871024548903
2023-04-20,-0.0012952050142649042
2023-04-21,-0.0018616754975551769
2023-04-24,0.003678225991685733
2023-04-25,-0.004597246703931649
2023-04-26,-0.005635015827029278
2023-04-27,0.006016924546415492
2023-04-28,0.007950302897025184
2023-05-01,-0.008985070077383436
2023-05-02,-0.0017735119452884072
2023-05-03,-0.001335863566945968
2023-05-04,-0.000920990910682098
2023-05-05,0.008006571014380251
2023-05-08,-0.0026828777460476635
2023-05-09,-0.0018288389257127145
2023-05-10,0.004084243299933909
2023-05-11,-0.002623827835492546
2023-05-12,-0.004579670418986776
2023-05-15,0.002544027701151928
2023-05-16,-0.008270305408006919
2023-05-17,0.004404055921743086
2023-05-18,-0.0027266035899551795
2023-05-19,-3.4849638867808094e-05
2023-05-22,0.0005624588438335348
2023-05-23,-0.004426917321355211
2023-05-24,-0.0071780104962175725
2023-05-25,-0.0026676392809083355
2023-05-26,0.009193519835820079
2023-05-30,-0.0003726463864732465
2023-05-31,-0.0019796417060503496
2023-06-01,0.008961959087415537
2023-06-02,0.0052278534300551635
2023-06-05,-0.0014486488429563736
2023-06-06,0.0037602584832797997
2023-06-07,-0.004341405233051965
2023-06-08,0.0066279234315739675
2023-06-09,-0.0015549447301450687
2023-06-12,0.0006838532357265079
2023-06-13,0.0020928706532506443
2023-06-14,0.0026495952558963304
2023-06-15,0.01042923826733265
2023-06-16,-0.000826828489666068
2023-06-20,-0.005166369818059669
2023-06-21,-0.00037285910493840726
2023-06-22,-0.007217665050209297
2023-06-23,-0.00409062094740526
2023-06-26,0.0021821114442615646
2023-06-27,0.001936346138564951
2023-06-28,0.0012498927371796175
2023-06-29,-0.00304327822829136
2023-06-30,0.008557833653720951
2023-07-03,0.0010261646028660418
2023-07-05,-0.0033524294805984908
2023-07-06,-0.009290098728674003
2023-07-07,0.0013618477661602678
2023-07-10,0.002449944060932185
2023-07-11,0.007665655383612665
2023-07-12,0.010227041973804004
2023-07-13,0.008632800473273127
2023-07-14,-0.0038960931002393405
2023-07-17,-0.00048537850403177076
2023-07-18,0.005072042884489088
2023-07-19,0.003927860502432427
2023-07-20,-0.005599393328652508
2023-07-21,0.0011280411255171702
2023-07-24,0.0031808108231574173
2023-07-25,0.0011508800986057967
2023-07-26,0.0018557795925651212
2023-07-27,-0.010997992412626735
2023-07-28,0.006931292428444623
2023-07-31,0.0024599525300879176
2023-08-01,-0.007148472367871856
2023-08-02,-0.010770535112471825
2023-08-03,-0.005325189131060304
2023-08-04,0.0036182853969116626
2023-08-07,0.0013749468566580524
2023-08-08,-0.001277811419453123
2023-08-09,-5.3599570098625236e-05
2023-08-10,-0.003774616477955842
2023-08-11,-0.0027633430999978873
2023-08-14,-0.0015805679595097292
2023-08-15,-0.00814157519712006
2023-08-16,-0.006571160869539341
2023-08-17,-0.0035426484118929093
2023-08-18,0.0017205957483033168
2023-08-21,-0.0015878730050255165
2023-08-22,3.7780495930447486e-05
2023-08-23,0.011960721987807666
2023-08-24,-0.005701384001359043
2023-08-25,0.00371150563258219
2023-08-28,0.0052653694902198315
2023-08-29,0.010217628587837469
2023-08-30,0.001251215954025841
2023-08-31,-0.0012821070493381093
2023-09-01,-0.00017689377837729102
2023-09-05,-0.006507118048664641
2023-09-06,-0.0022570000834004505
2023-09-07,-0.0006588694314833684
2023-09-08,0.0009113060266833888
2023-09-11,0.0026898571141480672
2023-09-12,-0.0005792654242828983
2023-09-13,-0.0007089195543639705
2023-09-14,0.004583996484678151
2023-09-15,-0.0035684927418226597
2023-09-18,5.360348194295705e-06
2023-09-19,-0.0027720571175660342
2023-09-20,-0.0026245308027968172
2023-09-21,-0.01542412784969701
2023-09-22,0.0018256142458537368
2023-09-25,-0.005695898212863314
2023-09-26,-0.008195286184289271
2023-09-27,-0.002204328180248541
2023-09-28,0.0033213589506016976
2023-09-29,-0.0029368825695391294
2023-10-02,-0.008545732796128226
2023-10-03,-0.011841314296261738
2023-10-04,0.0028115346155905795
2023-10-05,-0.0002493955525500647
2023-10-06,0.0034368778051203624
2023-10-09,0.010784512799065464
2023-10-10,0.002708904074749671
2023-10-11,0.006384526291448388
2023-10-12,-0.009546315572626671
2023-10-13,0.006878917159556561
2023-10-16,0.000412868140756965
2023-10-17,-0.002660156998029795
2023-10-18,-0.006926269542583893
2023-10-19,-0.006174595260084145
2023-10-20,-0.003506405190004711
2023-10-23,0.0001707242237092411
2023-10-24,0.005119974939169872
2023-10-25,-0.010025326122417794
2023-10-26,0.0010761676373671385
2023-10-27,-0.0006257262730644765
2023-10-30,0.0012684596984067409
2023-10-31,0.0007081920715377199
2023-11-01,0.008543874356487437
2023-11-02,0.016513363700139397
2023-11-03,0.008638796044000774
2023-11-06,-0.003291220779199206
2023-11-07,-0.001250040878254215
2023-11-08,0.0013788392973476768
2023-11-09,-0.00867901537618118
2023-11-10,0.005867811464366079
2023-11-13,0.0011533403303638436
2023-11-14,0.018552828197545994
2023-11-15,-0.0029871715296080404
2023-11-16,0.00011319224723913609
2023-11-17,0.004051934907324186
2023-11-20,0.005699752777905875
2023-11-21,-0.0002462131340458391
2023-11-22,0.0003737015401932307
2023-11-24,-0.0023563883919274797
2023-11-27,0.0023526424479090994
2023-11-28,0.005937928188209516
2023-11-29,0.00467541383694238
2023-11-30,-0.0025050639011176042
2023-12-01,0.008940941485050473
2023-12-04,-0.00590233999137392
2023-12-05,0.0019154278806688082
2023-12-06,-0.001969123600567035
2023-12-07,0.0024029375158854767
2023-12-08,-0.0011320369546881533
2023-12-11,-6.742244913947781e-05
2023-12-12,0.00033780317521417977
2023-12-13,0.016630784872312385
2023-12-14,0.012542300774047648
2023-12-15,-0.003595021511223365
2023-12-18,0.0009690417679756174
2023-12-19,0.006272228610487877
2023-12-20,-0.006330263592992712
2023-12-21,0.005240442857833675
2023-12-22,8.855557778661416e-06
2023-12-26,0.00533224059194314
2023-12-27,0.005016195032560056
2023-12-28,-0.0027086991952509393
2023-12-29,-0.00509453495474776
2024-01-02,-0.004909857377775821
2024-01-03,-0.0033944187920739027
2024-01-04,-0.0038655579222647172
2024-01-05,-0.001080066058912745
2024-01-08,0.0043874640285178745
2024-01-09,-0.002283758080700986
2024-01-10,-0.0003286209504830255
2024-01-11,0.0022638981205009585
2024-01-12,0.0020556767395459277
2024-01-16,-0.009759587560839712
2024-01-17,-0.006439771232988377
2024-01-18,0.0036442407593751704
2024-01-19,0.005607625333143709
2024-01-22,0.0021318434944704845
2024-01-23,0.00015111951309493092
2024-01-24,-0.000246044525714297
2024-01-25,0.005954669500211918
2024-01-26,0.0003574506176590778
2024-01-29,0.004561636362076063
2024-01-30,0.0015510999552012864
2024-01-31,-0.0045245145953158985
2024-02-01,0.009506142928221802
2024-02-02,-0.006982553959039861
2024-02-05,-0.007262872662047663
2024-02-06,0.007542509357425678
2024-02-07,0.001350252688516793
2024-02-08,0.0011072127999761172
2024-02-09,0.0015555411832417704
2024-02-12,0.0004203550201516337
2024-02-13,-0.013041282386038246
2024-02-14,0.004933099118230513
2024-02-15,0.007041791364643338
2024-02-16,-0.0025440804442007736
2024-02-20,0.0006580268695506463
2024-02-21,0.00029684236020949094
2024-02-22,0.007104920093636165
2024-02-23,0.0022944384547542644
2024-02-26,-0.001897304139288775
2024-02-27,0.0003905271112447455
2024-02-28,-0.00039021505651448424
2024-02-29,0.0032724292977589398
2024-03-01,0.009155587782190881
2024-03-04,0.001154046432481902
2024-03-05,-0.0019275975906903689
2024-03-06,0.006593912175358161
2024-03-07,0.004479373495438603
2024-03-08,-0.0006556900253111801
2024-03-11,0.000734381186635951
2024-03-12,0.0014503225744386793
2024-03-13,-9.920811174958936e-06
2024-03-14,-0.005299915463442619
2024-03-15,-0.0011929952851263774
2024-03-18,0.0022266586496141505
2024-03-19,0.001581663767981537
2024-03-20,0.005760492160004829
2024-03-21,0.0014363722626003377
2024-03-22,-0.0007433831487375145
2024-03-25,0.0005412157663643427
2024-03-26,-0.0005214148066145496
2024-03-27,0.007954701894363763
2024-03-28,0.0025734116607294376
2024-04-01,-0.0033492906797183593
2024-04-02,-0.0025614057049961553
2024-04-03,0.0020060362499899824
2024-04-04,-0.0021401118195675086
2024-04-05,0.0025474120199349914
2024-04-08,0.0017734120788297655
2024-04-09,0.004029188732207774
2024-04-10,-0.012616308874312138
2024-04-11,0.0028131350799481406
2024-04-12,-0.006352309255415592
2024-04-15,-0.005521235745391155
2024-04-16,-0.006545475928384816
2024-04-17,-0.0004835612933007694
2024-04-18,0.00040641048377897115
2024-04-19,0.0012443643546327164
2024-04-22,0.0010894735201791377
2024-04-23,0.005173141977613798
2024-04-24,-0.00041545292441253845
2024-04-25,-0.002705855246768027
2024-04-26,0.004688910638397274
2024-04-29,0.0011383246088970604
2024-04-30,-0.013225670764550333
2024-05-01,-0.0016013144944927605
2024-05-02,0.005971991282663077
2024-05-03,0.007752855946412943
2024-05-06,0.004389817134547794
2024-05-07,0.0036820420101505574
2024-05-08,-0.001897402119708971
2024-05-09,0.006439346155123568
2024-05-10,-3.053321550315299e-05
2024-05-13,-0.0026660766714145037
2024-05-14,0.004752417214193977
2024-05-15,0.01072918951293869
2024-05-16,-0.0024954628408080538
2024-05-17,0.0015799360302899215
2024-05-20,-0.00012111196155538547
2024-05-21,0.0011786068160652638
2024-05-22,-0.004698037548064981
2024-05-23,-0.006601473765344022
2024-05-24,0.003876372655746084
2024-05-28,0.0003090505305590335
2024-05-29,-0.00799652519989702
2024-05-30,0.001731894766193098
2024-05-31,0.0034032690548365697
2024-06-03,0.003431783517148546
2024-06-04,0.00014152653004665384
2024-06-05,0.007845418647073023
2024-06-06,0.0029225155621250593
2024-06-07,-0.011161361914032423
2024-06-10,0.0012411233886608843
2024-06-11,0.0026535133084024543
2024-06-12,0.008210873850114337
2024-06-13,0.0015853759321753787
2024-06-14,0.0010067597028560037
2024-06-17,1.1482056146499935e-05
2024-06-18,0.005117801417452435
2024-06-20,-0.0016555542154031656
2024-06-21,-0.0034748183422396352
2024-06-24,0.0012882685614715801
2024-06-25,-0.0019477190795930024
2024-06-26,-0.004945395053445857
2024-06-27,0.003076319381138872
2024-06-28,-0.003417684677740112
2024-07-01,-0.0021803982615664626
2024-07-02,0.004346280564015223
2024-07-03,0.007220790956167643
2024-07-05,0.006193679354516187
2024-07-08,-0.0018328828601482687
2024-07-09,-0.00019537209783258088
2024-07-10,0.004619420351389866
2024-07-11,0.007066837910865908
2024-07-12,0.003320300407156463
2024-07-15,-0.0027217222415868085
2024-07-16,0.006121130774511393
2024-07-17,-0.003453371524156393
2024-07-18,-0.006162521544191111
2024-07-19,-0.007885936974654938
2024-07-22,0.005990878543513383
2024-07-23,-0.002110424307842185
2024-07-24,-0.010512933148502535
2024-07-25,-0.002033432854598878
2024-07-26,0.007455802449091799
2024-07-29,-0.0009243823152973662
2024-07-30,0.0014345614203792323
2024-07-31,0.01159103347643316
2024-08-01,-0.006148797452034781
2024-08-02,-0.0017148921191515159
2024-08-05,-0.01247001049772538
2024-08-06,-0.0006751270161193447
2024-08-07,-4.254429306395054e-05
2024-08-08,0.008457623505734098
2024-08-09,0.006061319546806835
2024-08-12,0.003087712248797547
2024-08-13,0.006253167011714468
2024-08-14,0.0005703207220766346
2024-08-15,0.003960926937283419
2024-08-16,0.004574770962829852
2024-08-19,0.004904526524960476
2024-08-20,0.000779010155841871
2024-08-21,0.0015948237548786231
2024-08-22,-0.005339352272559227
2024-08-23,0.01137622008359646
2024-08-26,0.000509570809810642
2024-08-27,0.00010394849496782213
2024-08-28,-0.0041793436600610755
2024-08-29,0.0006572760881989615
2024-08-30,-0.0012470856363058138
2024-09-03,-0.00762621297851614
2024-09-04,0.00044094218112154153
2024-09-05,0.0021724039925335634
2024-09-06,-0.008085554700213932
2024-09-09,0.007167759202930173
2024-09-10,0.0009486599624511151
2024-09-11,0.004812269655398729
2024-09-12,0.005461009010814369
2024-09-13,0.005177389076762704
2024-09-16,0.004361225178439131
2024-09-17,-0.0011356454840039398
2024-09-18,-0.0044131073078864476
2024-09-19,0.008976361876384389
2024-09-20,-0.001450170791767216
2024-09-23,0.002628935329899304
2024-09-24,0.006737661159189341
2024-09-25,-0.004911976267074111
2024-09-26,0.0038614632010311803
2024-09-27,0.0014412208487155757
2024-09-30,-0.00378274504533651
2024-10-01,-0.00012303117013031284
2024-10-02,0.00012566459259646083
2024-10-03,-0.0030434988622923655
2024-10-04,-0.0006292774476819994
2024-10-07,-0.0032642410087098416
2024-10-08,-0.0019776249736451713
2024-10-09,-0.00028070517769382343
2024-10-10,0.001137729493999949
2024-10-11,0.004233630887832887
2024-10-14,0.0004100403991923178
2024-10-15,-0.0023577281487044753
2024-10-16,0.002959574985309857
2024-10-17,-0.00313980857784666
2024-10-18,0.0025937459099556214
2024-10-21,-0.006546720473052974
2024-10-22,0.0014458858760424684
2024-10-23,-0.0047914202280307325
2024-10-24,0.0016200679317722635
2024-10-25,-0.0013064845921741482
2024-10-28,-0.0005738168016528177
2024-10-29,0.0005418318677046231
2024-10-30,0.0008265395054039889
2024-10-31,-0.006862313988333576
2024-11-01,-0.00412114816639743
2024-11-04,0.005801351129764286
2024-11-05,0.006675270652375845
2024-11-06,-0.008077691069117198
2024-11-07,0.01166460025887081
2024-11-08,-0.0011389701228375756
2024-11-11,-0.006065446075294119
2024-11-12,-0.008469070163033422
2024-11-13,-0.002612984897492982
2024-11-14,-0.0008814654048287369
2024-11-15,-0.004081977308471168
2024-11-18,0.006998927473150428
2024-11-19,0.0034077186915560664
2024-11-20,-0.000187685579789557
2024-11-21,0.0027412807919526758
2024-11-22,0.004143016571921117
2024-11-25,0.003103888565615283
2024-11-26,0.00011794259371186483
2024-11-27,0.002937457316546212
2024-11-29,0.0043396159116803066
2024-12-02,-0.0019803188775475832
2024-12-03,-0.00021714386100316313
2024-12-04,0.003470055092090779
2024-12-05,0.001052820742953528
2024-12-06,0.0007117589845519537
2024-12-09,0.0007691261192780939
2024-12-10,-0.002450688233390358
2024-12-11,0.002352910434589329
2024-12-12,-0.006243386286594135
2024-12-13,-0.00257490398047522
2024-12-16,0.0008436214404190474
2024-12-17,-0.0023535924783864817
2024-12-18,-0.018528028064717966
2024-12-19,-0.005447859188128392
2024-12-20,0.007787378298275186
2024-12-23,-0.0006358186907245001
2024-12-24,0.005346217358146227
2024-12-26,-4.7872741131798095e-05
2024-12-27,-0.0066246631300767005
2024-12-30,-0.0004138645687065984
2024-12-31,0.0006621441280449675
